param_type,param_name,out_u_bound,in_l_bound,out_l_bound,in_u_bound,base
input,cp_lh_0,1,1.0376654933508023,0,2.59387285429545,10
input,cp_lh_1,1,0.7002103137560209,0,2.5927206731620704,10
input,cp_tau_0,1,0.3314070492197811,0,2.2963799537713854,10
input,cp_n,1,0.08632423130738509,0,1.202106711390236,10
input,average_strain,1,-2.5301927061182092,0,-1.001418112792836,10
output,average_stress,1,1.3088204331099595,0,2.8769218431745798,10
output,g1_phi_1,1,0.1733902514651952,0,0.18791535464998982,10
output,g1_Phi,1,0.2545239086857002,0,0.2703060911529131,10
output,g1_phi_2,1,0.6189471492307373,0,0.6206460774320012,10
output,g5_phi_1,1,0.3416521119435322,0,0.3521632157054434,10
output,g5_Phi,1,0.3897506588375062,0,0.3939610713375336,10
output,g5_phi_2,1,0.554222565542425,0,0.5655762997638275,10
output,g6_phi_1,1,0.1003705451175629,0,0.1137428624293499,10
output,g6_Phi,1,0.3462355816990377,0,0.35278046757132525,10
output,g6_phi_2,1,0.6242717799297329,0,0.6270584640009896,10
output,g7_phi_1,1,0.07758590636724308,0,0.09131515969722286,10
output,g7_Phi,1,0.2910578944342759,0,0.3024391640698575,10
output,g7_phi_2,1,0.6245192940673171,0,0.6282560667110061,10
output,g8_phi_1,1,0.3907232044488198,0,0.40330930382686836,10
output,g8_Phi,1,0.424538637154054,0,0.4289119391486062,10
output,g8_phi_2,1,0.6331653536839031,0,0.6366784225725206,10
output,g9_phi_1,1,-0.10498099376546283,0,-0.045063174694320654,10
output,g9_Phi,1,0.31135115757133974,0,0.31879350479329677,10
output,g9_phi_2,1,0.6248593958396503,0,0.6288689432836394,10
output,g10_phi_1,1,0.13554606833507898,0,0.21018470547240684,10
output,g10_Phi,1,0.39446919234743405,0,0.4007624176069357,10
output,g10_phi_2,1,0.5855847959232576,0,0.5913317829696554,10
output,g11_phi_1,1,0.46343009190280193,0,0.49112346701796883,10
output,g11_Phi,1,0.4525377439293981,0,0.4551342931960993,10
output,g11_phi_2,1,0.7598188773748261,0,0.7730253976388034,10
output,g12_phi_1,1,0.06837141803264318,0,0.10222783012313004,10
output,g12_Phi,1,0.2959407622671988,0,0.308692442201257,10
output,g12_phi_2,1,0.6230734689508648,0,0.6273146396008809,10
output,g13_phi_1,1,0.21984638602436068,0,0.2426904740523735,10
output,g13_Phi,1,0.2333769034738959,0,0.24127246990169554,10
output,g13_phi_2,1,0.6267816245216076,0,0.6284706719067363,10
output,g14_phi_1,1,0.08884456272700426,0,0.11038766587508697,10
output,g14_Phi,1,0.34507952631486666,0,0.356484780605221,10
output,g14_phi_2,1,0.6257033458532264,0,0.6305499078498524,10
output,g15_phi_1,1,-0.1330395831550633,0,-0.05414751464498811,10
output,g15_Phi,1,0.3092894106552564,0,0.3197096942879828,10
output,g15_phi_2,1,0.6216850847983184,0,0.6254565058057138,10
output,g16_phi_1,1,0.4580634453251834,0,0.4836300824949524,10
output,g16_Phi,1,0.4526296516220175,0,0.45421963566000145,10
output,g16_phi_2,1,0.6516656039229355,0,0.6670044173665798,10
output,g18_phi_1,1,0.7431176252147416,0,0.7592371131531702,10
output,g18_Phi,1,0.4354780541713246,0,0.4471114972976469,10
output,g18_phi_2,1,0.1194868355646357,0,0.18158636373685627,10
output,g19_phi_1,1,0.07671324469002509,0,0.0984706656506293,10
output,g19_Phi,1,0.4445288113171352,0,0.45429593073984975,10
output,g19_phi_2,1,0.554719269050214,0,0.5609701209764735,10
output,g20_phi_1,1,-0.0671813719937809,0,-0.016621823157782222,10
output,g20_Phi,1,0.32988580505442516,0,0.33731946585692785,10
output,g20_phi_2,1,0.4758309328314533,0,0.48141396125374486,10
output,g21_phi_1,1,0.390281408229663,0,0.4033779317228597,10
output,g21_Phi,1,0.3107145487181187,0,0.33144754287779676,10
output,g21_phi_2,1,0.6440937744581382,0,0.6562611517083408,10
output,g22_phi_1,1,0.16028841313128805,0,0.17078959044639153,10
output,g22_Phi,1,0.223807337592779,0,0.23032116891907847,10
output,g22_phi_2,1,0.5897597653381549,0,0.5916432806389674,10
output,g23_phi_1,1,-0.18159593699563295,0,-0.14660602254933422,10
output,g23_Phi,1,0.40913816115386376,0,0.42662510641824725,10
output,g23_phi_2,1,0.5854381681701801,0,0.5944698987383297,10
output,g24_phi_1,1,0.2866809693549302,0,0.31251585566338685,10
output,g24_Phi,1,0.24472232276999784,0,0.2628543454161932,10
output,g24_phi_2,1,0.5398536179250563,0,0.5486350598147515,10
output,g25_phi_1,1,0.022139570398391907,0,0.07177157941675559,10
output,g25_Phi,1,0.37799794786189966,0,0.38881141347352355,10
output,g25_phi_2,1,0.48474102923706575,0,0.5079907248196913,10
output,g26_phi_1,1,-0.6645621595652166,0,-0.4872889280368801,10
output,g26_Phi,1,0.35610237811339873,0,0.3619354924211464,10
output,g26_phi_2,1,0.5452328717469658,0,0.5531423965032077,10
output,g27_phi_1,1,0.22934902016770342,0,0.2613818372857462,10
output,g27_Phi,1,0.2149497606154471,0,0.22375545365724114,10
output,g27_phi_2,1,0.5284024379536174,0,0.5319002337275933,10
output,g28_phi_1,1,0.3037358890399061,0,0.33233744945302574,10
output,g28_Phi,1,0.4362262752705824,0,0.4514179729892613,10
output,g28_phi_2,1,0.6303058079004361,0,0.6488379597902625,10
output,g29_phi_1,1,0.2247143045303975,0,0.27000300010505945,10
output,g29_Phi,1,0.21787857802743296,0,0.22302842697225214,10
output,g29_phi_2,1,0.5279905891964337,0,0.5301484509929332,10
output,g30_phi_1,1,0.16467994075426,0,0.19501356287582824,10
output,g30_Phi,1,0.21449945371088117,0,0.22507656162639228,10
output,g30_phi_2,1,0.591621038213319,0,0.5990092398233435,10
output,g31_phi_1,1,-0.46460459859438624,0,-0.3977337677714706,10
output,g31_Phi,1,0.32839999237242395,0,0.33741932432967314,10
output,g31_phi_2,1,0.4956691966039019,0,0.5077344680722629,10
output,g32_phi_1,1,0.3082655332099329,0,0.3183346842261365,10
output,g32_Phi,1,0.37099393351474386,0,0.3813497710597408,10
output,g32_phi_2,1,0.641602991567553,0,0.6526523954003471,10
output,g33_phi_1,1,0.16235527355207907,0,0.18596689276784137,10
output,g33_Phi,1,0.22036963245139446,0,0.22819496996335104,10
output,g33_phi_2,1,0.5049870873452252,0,0.5129110878474193,10
output,g34_phi_1,1,-0.11185421718162372,0,-0.05432957885411861,10
output,g34_Phi,1,0.2714466138017645,0,0.2878912659540259,10
output,g34_phi_2,1,0.4394274386545274,0,0.444294677675202,10
output,g35_phi_1,1,0.47063096368490615,0,0.504389297186281,10
output,g35_Phi,1,0.4523998459114416,0,0.45421963566000145,10
output,g35_phi_2,1,0.7622808409501796,0,0.7775863002599734,10
output,g36_phi_1,1,0.2885175017970741,0,0.3075174312031314,10
output,g36_Phi,1,0.24417812502254407,0,0.2580623120109196,10
output,g36_phi_2,1,0.5404045624460594,0,0.5449976797003975,10
output,g37_phi_1,1,-0.03006250203415703,0,0.015946243657566233,10
output,g37_Phi,1,0.43063933616465505,0,0.4352230462110289,10
output,g37_phi_2,1,0.4592114940154554,0,0.46572479806532624,10
output,g38_phi_1,1,0.24077382528419278,0,0.26347036606118457,10
output,g38_Phi,1,0.41108071181163497,0,0.41365175206369936,10
output,g38_phi_2,1,0.6008531488712422,0,0.6048953445066851,10
output,g39_phi_1,1,-0.22273996711462585,0,-0.16289157083904596,10
output,g39_Phi,1,0.27002632231229345,0,0.2783419690609072,10
output,g39_phi_2,1,0.4404997712534111,0,0.447499128735851,10
output,g40_phi_1,1,0.015233976246708407,0,0.04991543567349786,10
output,g40_Phi,1,0.3835820046064843,0,0.3886339693517892,10
output,g40_phi_2,1,0.48400071392719823,0,0.4983105537896005,10
output,g41_phi_1,1,0.27267687772828786,0,0.2847013785241777,10
output,g41_Phi,1,0.2812152326113162,0,0.2885398506704563,10
output,g41_phi_2,1,0.650725100005712,0,0.6526234041019371,10
output,g42_phi_1,1,0.21835166574513318,0,0.24420287608298466,10
output,g42_Phi,1,0.21816774842042547,0,0.2315715255284156,10
output,g42_phi_2,1,0.588484599044793,0,0.5913540402140882,10
output,g43_phi_1,1,-0.3003703692406663,0,-0.24364539971019802,10
output,g43_Phi,1,0.3371796254098343,0,0.34260031041577194,10
output,g43_phi_2,1,0.5734402252322721,0,0.5840144357979359,10
output,g44_phi_1,1,0.07674964062400015,0,0.11471104055836234,10
output,g44_Phi,1,0.3826832904336428,0,0.39835673137975397,10
output,g44_phi_2,1,0.5783182405850075,0,0.5858779029982781,10
output,g45_phi_1,1,-0.009235052971299368,0,0.025715383901340642,10
output,g45_Phi,1,0.3127695570522996,0,0.3281552619699468,10
output,g45_phi_2,1,0.5053806360003941,0,0.5160459385202877,10
output,g46_phi_1,1,0.4048508144913169,0,0.4129474905873636,10
output,g46_Phi,1,0.3606123449085923,0,0.3678775066378806,10
output,g46_phi_2,1,0.631717653451492,0,0.6366683969603244,10
output,g47_phi_1,1,0.30888441442201653,0,0.32192966852651744,10
output,g47_Phi,1,0.33108296396102876,0,0.34301449715076754,10
output,g47_phi_2,1,0.6694470564025429,0,0.6739419986340877,10
output,g48_phi_1,1,0.16163748070459033,0,0.17779613329221503,10
output,g48_Phi,1,0.21782598089985225,0,0.22899031084072377,10
output,g48_phi_2,1,0.591776711276067,0,0.594613509160098,10
output,g49_phi_1,1,0.27133037106615887,0,0.2809878890046467,10
output,g49_Phi,1,0.28187385687012284,0,0.29587484521737917,10
output,g49_phi_2,1,0.6504920833547156,0,0.6525074195512992,10
output,g50_phi_1,1,0.15533603746506178,0,0.18418019534725874,10
output,g50_Phi,1,0.33551807589423344,0,0.34034494952814426,10
output,g50_phi_2,1,0.5116160205691377,0,0.5154631883732687,10
output,g51_phi_1,1,-0.09329332668383304,0,-0.07940713791519151,10
output,g51_Phi,1,0.31685062992605034,0,0.34151365987025106,10
output,g51_phi_2,1,0.4910954317405785,0,0.504158112255195,10
output,g53_phi_1,1,0.3795955549810985,0,0.3863740990854829,10
output,g53_Phi,1,0.3744550524099625,0,0.38506977633193473,10
output,g53_phi_2,1,0.6319102834584124,0,0.6410376136606543,10
output,g54_phi_1,1,0.2892544080541807,0,0.29920211760342186,10
output,g54_Phi,1,0.4067615290465425,0,0.4153907381825737,10
output,g54_phi_2,1,0.6854461386877339,0,0.6928293004824486,10
output,g56_phi_1,1,0.28298444013395474,0,0.299942900022767,10
output,g56_Phi,1,0.41370201278111335,0,0.4170064251187987,10
output,g56_phi_2,1,0.6809244488059922,0,0.6894154213820135,10
output,g57_phi_1,1,0.40305185258813375,0,0.41348417431740686,10
output,g57_Phi,1,0.36034723097576526,0,0.36992054992191653,10
output,g57_phi_2,1,0.6308141947282128,0,0.636287252098513,10
output,g58_phi_1,1,0.1074813189112433,0,0.12345961944333804,10
output,g58_Phi,1,0.3949067510540258,0,0.4008141922675589,10
output,g58_phi_2,1,0.5915987946484648,0,0.5979144712025283,10
output,g59_phi_1,1,0.2211533219547051,0,0.2494429614425822,10
output,g59_Phi,1,0.34789569349323163,0,0.3591142204149062,10
output,g59_phi_2,1,0.6324066721622993,0,0.6393569784858641,10
output,g60_phi_1,1,0.3079023303260236,0,0.3933996952931018,10
output,g60_Phi,1,0.4797048450592816,0,0.48630293483116044,10
output,g60_phi_2,1,0.5997630243451988,0,0.6404317436833485,10
output,g61_phi_1,1,-0.30146450743799885,0,-0.22049008770021278,10
output,g61_Phi,1,0.3810067192965791,0,0.3927321173811297,10
output,g61_phi_2,1,0.39317142883688994,0,0.4144217779425607,10
output,g62_phi_1,1,0.16390643345775144,0,0.19587198945932768,10
output,g62_Phi,1,0.30657512809644905,0,0.3129808617233796,10
output,g62_phi_2,1,0.6614245802845223,0,0.6636538193120594,10
output,g63_phi_1,1,0.28053284445138243,0,0.32598746621444175,10
output,g63_Phi,1,0.48182945126399873,0,0.48675625461726846,10
output,g63_phi_2,1,0.5840597054578407,0,0.6076694366882427,10
output,g64_phi_1,1,-0.5410450429781347,0,-0.3867503210620461,10
output,g64_Phi,1,0.37505975358581245,0,0.37783422447054854,10
output,g64_phi_2,1,0.5260548247731112,0,0.5371387972512629,10
output,g66_phi_1,1,0.21362399341608687,0,0.22631629693933475,10
output,g66_Phi,1,0.20844135643856734,0,0.21465843887991837,10
output,g66_phi_2,1,0.6103939697123134,0,0.6112771040922638,10
output,g67_phi_1,1,-0.1534896995366082,0,-0.11349235459290095,10
output,g67_Phi,1,0.30489964033286515,0,0.33152851886869067,10
output,g67_phi_2,1,0.4869968884318225,0,0.4945302632558734,10
output,g68_phi_1,1,0.34419571587143494,0,0.35506820634885067,10
output,g68_Phi,1,0.3497824533634708,0,0.3627651265554263,10
output,g68_phi_2,1,0.6664805397615559,0,0.6701437633130851,10
output,g69_phi_1,1,-0.2737293252358203,0,-0.19407796494794333,10
output,g69_Phi,1,0.39239794321637145,0,0.4183841640386121,10
output,g69_phi_2,1,0.4756421375547005,0,0.4889030852677692,10
output,g70_phi_1,1,-0.04065327715791735,0,0.008472419302722143,10
output,g70_Phi,1,0.3135297732022901,0,0.3420869599045785,10
output,g70_phi_2,1,0.5073970576089503,0,0.5162708827293401,10
output,g72_phi_1,1,-1.4531489982186059,0,-0.805041877793412,10
output,g72_Phi,1,0.46046182672659935,0,0.462921830369343,10
output,g72_phi_2,1,0.2536287301937542,0,0.2980885693913816,10
output,g73_phi_1,1,0.2952371307315341,0,0.3099493842590159,10
output,g73_Phi,1,0.29721319598964135,0,0.3267249128021095,10
output,g73_phi_2,1,0.6608559954880793,0,0.6633522193645902,10
output,g74_phi_1,1,0.4017623021368253,0,0.4118384814029114,10
output,g74_Phi,1,0.36074484121040334,0,0.37219371927573414,10
output,g74_phi_2,1,0.6280004459889015,0,0.6323155412509909,10
output,g75_phi_1,1,0.3853202242009113,0,0.4280213440860496,10
output,g75_Phi,1,0.361538971269279,0,0.36908592082150776,10
output,g75_phi_2,1,0.7098209617099415,0,0.7194473043627562,10
output,g76_phi_1,1,0.29861294775994696,0,0.3331448760986189,10
output,g76_Phi,1,0.43469661892466566,0,0.4512182585137935,10
output,g76_phi_2,1,0.6240654103366919,0,0.6490523780756294,10
output,g77_phi_1,1,0.033021444682910656,0,0.07353506505878392,10
output,g77_Phi,1,0.2663963491885927,0,0.27538046752743395,10
output,g77_phi_2,1,0.5958928579419485,0,0.6002430162858409,10
output,g78_phi_1,1,0.6582308746636901,0,0.6677143848429249,10
output,g78_Phi,1,0.4618735328350759,0,0.4776420956558481,10
output,g78_phi_2,1,-0.305245675032217,0,-0.23093299511027188,10
output,g79_phi_1,1,-0.06863367643777883,0,-0.044067036328522255,10
output,g79_Phi,1,0.32531037171106114,0,0.33739935447189734,10
output,g79_phi_2,1,0.4795177267113793,0,0.48599100277067664,10
output,g80_phi_1,1,0.11521097670416817,0,0.15812115033749494,10
output,g80_Phi,1,0.3204371036828646,0,0.3262334209042398,10
output,g80_phi_2,1,0.629429988036405,0,0.6319102834584124,10
output,g81_phi_1,1,0.022964206517992806,0,0.05827414668595122,10
output,g81_Phi,1,0.3190643983685094,0,0.34147409402665757,10
output,g81_phi_2,1,0.5431364147862195,0,0.5485122563410354,10
output,g82_phi_1,1,0.3214119979740055,0,0.3656190022545034,10
output,g82_Phi,1,0.42926766643316844,0,0.44043676610577365,10
output,g82_phi_2,1,0.6396956174440528,0,0.662616190820862,10
output,g83_phi_1,1,0.21341149458278152,0,0.23152056097025073,10
output,g83_Phi,1,0.200303182981585,0,0.20571849810309406,10
output,g83_phi_2,1,0.617629297757842,0,0.6195107208384985,10
output,g84_phi_1,1,0.05068902775888096,0,0.07979606117235995,10
output,g84_Phi,1,0.40186560719961095,0,0.40805331429798053,10
output,g84_phi_2,1,0.48539487324901237,0,0.49190772091483065,10
output,g85_phi_1,1,-0.1512937337813246,0,-0.09794268919153337,10
output,g85_Phi,1,0.38419206967063924,0,0.39123512565330987,10
output,g85_phi_2,1,0.5741702197307929,0,0.5795435254299768,10
output,g86_phi_1,1,0.312410102994809,0,0.33763893218140867,10
output,g86_Phi,1,0.2677582166513658,0,0.28571479658290966,10
output,g86_phi_2,1,0.5664139206201558,0,0.5730109256733865,10
output,g87_phi_1,1,0.17225255242368825,0,0.20496061411560226,10
output,g87_Phi,1,0.3864811296820741,0,0.39847820021975555,10
output,g87_phi_2,1,0.540141698835551,0,0.542389669540937,10
output,g88_phi_1,1,0.18049862323201202,0,0.22188349178524042,10
output,g88_Phi,1,0.401176442169203,0,0.41428795843469507,10
output,g88_phi_2,1,0.5524126736029649,0,0.5575432913602916,10
output,g89_phi_1,1,0.1888160305023527,0,0.2213359795338283,10
output,g89_Phi,1,0.21165440055318238,0,0.22662567859580465,10
output,g89_phi_2,1,0.6283378335761184,0,0.632821582278979,10
output,g90_phi_1,1,0.28970041012870906,0,0.32598746621444175,10
output,g90_Phi,1,0.43415357106660085,0,0.4491851707276846,10
output,g90_phi_2,1,0.6474709938588463,0,0.6628805497388552,10
output,g91_phi_1,1,0.3142254709264968,0,0.3353575901491754,10
output,g91_Phi,1,0.43407365378505053,0,0.449277790579156,10
output,g91_phi_2,1,0.6611593333465511,0,0.6676303703051254,10
output,g92_phi_1,1,0.5176312941525835,0,0.5251744278352715,10
output,g92_Phi,1,0.44441956465863713,0,0.4498947519812109,10
output,g92_phi_2,1,0.7830670429657096,0,0.7865526798563854,10
output,g93_phi_1,1,0.22986094865499043,0,0.23711627053505724,10
output,g93_Phi,1,0.2039027811100605,0,0.21058602490515652,10
output,g93_phi_2,1,0.6189262621569374,0,0.6220481509192476,10
output,g95_phi_1,1,0.23075537404198568,0,0.2617623176096195,10
output,g95_Phi,1,0.2886292346649891,0,0.3046843659743861,10
output,g95_phi_2,1,0.5305326577490547,0,0.5382594603421657,10
output,g96_phi_1,1,0.32862420749020704,0,0.36662838129296776,10
output,g96_Phi,1,0.4677264661435818,0,0.47111561002987035,10
output,g96_phi_2,1,0.6922298357727555,0,0.7136081310952535,10
output,g97_phi_1,1,0.04785872740745677,0,0.07678603350807921,10
output,g97_Phi,1,0.40520971438463316,0,0.40935818993016515,10
output,g97_phi_2,1,0.4856504575326675,0,0.49315121779568605,10
output,g99_phi_1,1,0.41365175206369936,0,0.429978248073312,10
output,g99_Phi,1,0.38307895381208945,0,0.3887936723235016,10
output,g99_phi_2,1,0.6975431771575029,0,0.7018010428096672,10
output,g100_phi_1,1,-0.03313582685313651,0,0.023458237643675228,10
output,g100_Phi,1,0.4152405239139741,0,0.4281996092638772,10
output,g100_phi_2,1,0.609081916906643,0,0.6174721439721925,10
output,g101_phi_1,1,0.17201880942455647,0,0.20523143882000305,10
output,g101_Phi,1,0.3863919393501107,0,0.3955884635682437,10
output,g101_phi_2,1,0.5400916115325627,0,0.5462217592509095,10
output,g102_phi_1,1,0.030397300856761858,0,0.0751087964165001,10
output,g102_Phi,1,0.2540160608610366,0,0.2785478337758529,10
output,g102_phi_2,1,0.6120205227985599,0,0.6136198628763615,10
output,g103_phi_1,1,0.21919144021797882,0,0.23269123534846242,10
output,g103_Phi,1,0.20539385261467946,0,0.21295958903673617,10
output,g103_phi_2,1,0.6100423444394081,0,0.6113940113402915,10
output,g104_phi_1,1,0.23021893988738104,0,0.25336223983306855,10
output,g104_Phi,1,0.28445329401085284,0,0.3053728686412967,10
output,g104_phi_2,1,0.532346638573482,0,0.5381336872506688,10
output,g105_phi_1,1,-2.4960731958064892,0,0.7981324972646134,10
output,g105_Phi,1,0.46281711440950446,0,0.4694980145184654,10
output,g105_phi_2,1,0.4568820206232484,0,0.5236554374706319,10
output,g106_phi_1,1,0.4577002722181075,0,0.46480241289131846,10
output,g106_Phi,1,0.35301171103345275,0,0.3606312754267351,10
output,g106_phi_2,1,0.6588695922019623,0,0.6640493516544295,10
output,g107_phi_1,1,0.11975062388458418,0,0.14921911265537988,10
output,g107_Phi,1,0.2888972763225662,0,0.3002040512524661,10
output,g107_phi_2,1,0.6237143568159674,0,0.6330743818494913,10
output,g108_phi_1,1,0.0778037980760882,0,0.10301649032831525,10
output,g108_Phi,1,0.41730558324452544,0,0.4298652787345608,10
output,g108_phi_2,1,0.5193553922736518,0,0.5276427877567538,10
output,g109_phi_1,1,0.14563141529032783,0,0.16613397030510912,10
output,g109_Phi,1,0.3883676671573011,0,0.392802437083664,10
output,g109_phi_2,1,0.5236034121365691,0,0.530314982320532,10
output,g110_phi_1,1,0.24276497775209646,0,0.2655253352190738,10
output,g110_Phi,1,0.2852646804811535,0,0.29959445392492284,10
output,g110_phi_2,1,0.564689730881446,0,0.5713360868168943,10
output,g111_phi_1,1,0.28425021031208403,0,0.29725700659009247,10
output,g111_Phi,1,0.3680822440064455,0,0.3856062735983122,10
output,g111_phi_2,1,0.6008966969880873,0,0.6061555592866797,10
output,g112_phi_1,1,0.034146977106045626,0,0.04708007281625655,10
output,g112_Phi,1,0.35804911998674743,0,0.37016136667678035,10
output,g112_phi_2,1,0.5036136617725021,0,0.5074105590617641,10
output,g113_phi_1,1,0.39415387688205583,0,0.4052951230422869,10
output,g113_Phi,1,0.29587484521737917,0,0.31188095303790403,10
output,g113_phi_2,1,0.7116638460311909,0,0.7175373655144311,10
output,g114_phi_1,1,0.053040008642746495,0,0.0957967936048022,10
output,g114_Phi,1,0.4220642981362802,0,0.43123506524504995,10
output,g114_phi_2,1,0.5162973390957034,0,0.5204966334325443,10
output,g115_phi_1,1,0.14332712999204641,0,0.16548174282216416,10
output,g115_Phi,1,0.38953817733194923,0,0.4009349758108521,10
output,g115_phi_2,1,0.5233171613441978,0,0.5274107652926615,10
output,g116_phi_1,1,-1.1784864715952268,0,-0.5345279191265025,10
output,g116_Phi,1,0.4693064454311679,0,0.4810698065911574,10
output,g116_phi_2,1,0.4931372656799703,0,0.5236294255826328,10
output,g117_phi_1,1,-0.18741415804532374,0,-0.15146604844269376,10
output,g117_Phi,1,0.25638095303164105,0,0.26700736966435473,10
output,g117_phi_2,1,0.4485208164572948,0,0.4649513172615296,10
output,g118_phi_1,1,0.2218574354191367,0,0.23535166317741193,10
output,g118_Phi,1,0.3035200369072801,0,0.3082014606510762,10
output,g118_phi_2,1,0.6454026175704554,0,0.6537526331259994,10
output,g119_phi_1,1,0.16663729423180462,0,0.1802406009557403,10
output,g119_Phi,1,0.2664198658791035,0,0.2742733377584179,10
output,g119_phi_2,1,0.6146863422820126,0,0.6212593923832503,10
output,g120_phi_1,1,0.725168124078324,0,0.7439563722976408,10
output,g120_Phi,1,0.4501566954065955,0,0.46426593403407534,10
output,g120_phi_2,1,0.22010808804005508,0,0.26890544121201426,10
output,g122_phi_1,1,-0.09421490969118625,0,-0.0646136682685836,10
output,g122_Phi,1,0.32660209196364864,0,0.33869548901478364,10
output,g122_phi_2,1,0.4439979270781398,0,0.4577456854684917,10
output,g123_phi_1,1,-0.06817105255682399,0,0.02366391819779347,10
output,g123_Phi,1,0.41542411207653496,0,0.42662510641824725,10
output,g123_phi_2,1,0.6085474268671126,0,0.6165385266541686,10
output,g125_phi_1,1,0.3324990549181783,0,0.3694014136966243,10
output,g125_Phi,1,0.3969486867163377,0,0.40474821716461645,10
output,g125_phi_2,1,0.5587565562226132,0,0.5656589539252037,10
output,g126_phi_1,1,0.4133668314092984,0,0.43341777677002985,10
output,g126_Phi,1,0.36660971039242957,0,0.38840318355263515,10
output,g126_phi_2,1,0.6926266329514809,0,0.7009026511194759,10
output,g127_phi_1,1,0.44692531124274865,0,0.46387806452047153,10
output,g127_Phi,1,0.4180194057289411,0,0.4324240774813541,10
output,g127_phi_2,1,0.6544172149137143,0,0.6578968423463668,10
output,g128_phi_1,1,0.31130874600080766,0,0.33571859971435486,10
output,g128_Phi,1,0.3841562072030793,0,0.40330930382686836,10
output,g128_phi_2,1,0.6548789336028292,0,0.6586027797156587,10
output,g129_phi_1,1,0.36374356434456834,0,0.37309598707872704,10
output,g129_Phi,1,0.322405381067654,0,0.3338098748552258,10
output,g129_phi_2,1,0.6210100128289372,0,0.6235180561820591,10
output,g130_phi_1,1,-0.1377970395838307,0,-0.10787199132650992,10
output,g130_Phi,1,0.2982852854840844,0,0.3265406685165618,10
output,g130_phi_2,1,0.5200247593829069,0,0.5293148351531374,10
output,g132_phi_1,1,-0.49200927518030857,0,-0.3057634497726536,10
output,g132_Phi,1,0.38573136098878424,0,0.39359275016690115,10
output,g132_phi_2,1,0.45898514571101273,0,0.48036630953280945,10
output,g133_phi_1,1,-0.26654592685466466,0,-0.20960222963128505,10
output,g133_Phi,1,0.3302919914681564,0,0.3391730856339236,10
output,g133_phi_2,1,0.5698886706581175,0,0.5876548509957177,10
output,g134_phi_1,1,0.37772504124314793,0,0.39550112430562595,10
output,g134_Phi,1,0.3918345416932862,0,0.400140639757697,10
output,g134_phi_2,1,0.6462664557108607,0,0.6572758141730106,10
output,g135_phi_1,1,-0.12797199422631178,0,-0.07187566665297627,10
output,g135_Phi,1,0.3756818996593746,0,0.3919050068671565,10
output,g135_phi_2,1,0.4546467155768792,0,0.4732971528488869,10
output,g136_phi_1,1,0.09739615064150249,0,0.11042134647395632,10
output,g136_Phi,1,0.19705990806020826,0,0.2000566659722143,10
output,g136_phi_2,1,0.6321940036153366,0,0.6369390072874717,10
output,g137_phi_1,1,0.2195845262142547,0,0.23088299885759256,10
output,g137_Phi,1,0.2964457942063963,0,0.30339047411338865,10
output,g137_phi_2,1,0.5375924475173411,0,0.5427009694481107,10
output,g138_phi_1,1,-2.2811745793390634,0,-0.5477994174469075,10
output,g138_Phi,1,0.42426077236249155,0,0.43026860579590775,10
output,g138_phi_2,1,0.3113299523037931,0,0.34088017341364574,10
output,g139_phi_1,1,0.505800931949501,0,0.542003347503985,10
output,g139_Phi,1,0.46811091533723737,0,0.4702193240517292,10
output,g139_phi_2,1,-4.4424807679429055,0,0.7981601474457172,10
output,g140_phi_1,1,-0.13067438890947458,0,-0.06086029687110626,10
output,g140_Phi,1,0.3685471975676564,0,0.39201068319549925,10
output,g140_phi_2,1,0.45429593073984975,0,0.4759035245513982,10
output,g141_phi_1,1,0.21547893636253548,0,0.22036963245139446,10
output,g141_Phi,1,0.21317230904681925,0,0.22219604630171985,10
output,g141_phi_2,1,0.6112664745999569,0,0.6143592854836724,10
output,g142_phi_1,1,0.17411798125426692,0,0.19774906762261246,10
output,g142_Phi,1,0.24929621554427667,0,0.2739730037695494,10
output,g142_phi_2,1,0.5027274714032087,0,0.5070593848021158,10
output,g143_phi_1,1,-0.13087393231741903,0,-0.11243333280144874,10
output,g143_Phi,1,0.3806272412887885,0,0.39194023516713555,10
output,g143_phi_2,1,0.45207791348984605,0,0.45881908194602994,10
output,g145_phi_1,1,0.3360592778663493,0,0.3455697560563921,10
output,g145_Phi,1,0.36552542245670905,0,0.37116025552427134,10
output,g145_phi_2,1,0.692635446550164,0,0.6978306595992287,10
output,g146_phi_1,1,0.05713336724908679,0,0.08357427967399125,10
output,g146_Phi,1,0.4049704807470022,0,0.4097810091332019,10
output,g146_phi_2,1,0.48641630914589234,0,0.500606922065987,10
output,g147_phi_1,1,0.0006509536295950582,0,0.0804460946110488,10
output,g147_Phi,1,0.29287604930887784,0,0.3326202195656405,10
output,g147_phi_2,1,0.5445269131574867,0,0.553955807329781,10
output,g148_phi_1,1,-0.37608943123771243,0,-0.27206041577876866,10
output,g148_Phi,1,0.29622628726116057,0,0.3069180203772988,10
output,g148_phi_2,1,0.512724409221682,0,0.5175125930164411,10
output,g149_phi_1,1,0.2303978249040808,0,0.24816951330681028,10
output,g149_Phi,1,0.28912051806794814,0,0.30453361040651766,10
output,g149_phi_2,1,0.5339118029940452,0,0.5396029573606101,10
output,g150_phi_1,1,0.37770684136962396,0,0.39755766127042097,10
output,g150_Phi,1,0.31270614559789006,0,0.3237263671553517,10
output,g150_phi_2,1,0.6124553635191139,0,0.6228768783568696,10
output,g151_phi_1,1,0.31672498419049927,0,0.3355381324431508,10
output,g151_Phi,1,0.32868533698315094,0,0.3359991776081308,10
output,g151_phi_2,1,0.6950085983157529,0,0.6986137367711854,10
output,g152_phi_1,1,0.11048869983666935,0,0.12907732425273669,10
output,g152_Phi,1,0.23952470315666746,0,0.2477769306975662,10
output,g152_phi_2,1,0.5796121307403037,0,0.5829265459100414,10
output,g153_phi_1,1,-0.1658019054379258,0,-0.12257105921178024,10
output,g153_Phi,1,0.2953031446371515,0,0.3013772923493447,10
output,g153_phi_2,1,0.4399797052236391,0,0.4445912256429572,10
output,g154_phi_1,1,0.32459108576092643,0,0.3350966742615418,10
output,g154_Phi,1,0.32984516551086834,0,0.33665982345441997,10
output,g154_phi_2,1,0.6960504398077496,0,0.6997336907770599,10
output,g155_phi_1,1,0.347193361847937,0,0.36543182249042006,10
output,g155_Phi,1,0.3390736296411141,0,0.350306178879111,10
output,g155_phi_2,1,0.6491108374217809,0,0.6551288264200963,10
output,g156_phi_1,1,0.18627810344536733,0,0.20158828107351862,10
output,g156_Phi,1,0.3592471744896942,0,0.38203506271893034,10
output,g156_phi_2,1,0.5975525910976879,0,0.602038276060981,10
output,g157_phi_1,1,0.6045500325712613,0,0.6279595327074861,10
output,g157_Phi,1,0.467548913204926,0,0.4786242053118079,10
output,g157_phi_2,1,-2.257251309055038,0,0.794592599357641,10
output,g158_phi_1,1,0.2757028494482101,0,0.2943559851451606,10
output,g158_Phi,1,0.36767267270543363,0,0.38754998739023333,10
output,g158_phi_2,1,0.6000358121146182,0,0.6026458934835006,10
output,g159_phi_1,1,-0.1322850878149993,0,-0.07589653538515392,10
output,g159_Phi,1,0.2930530234278318,0,0.30055200879288496,10
output,g159_phi_2,1,0.6139157830078625,0,0.6173254157805694,10
output,g161_phi_1,1,0.06647501375413124,0,0.0862530238171611,10
output,g161_Phi,1,0.4100513975504519,0,0.41820182317824794,10
output,g161_phi_2,1,0.6243749279641108,0,0.6301328207218148,10
output,g162_phi_1,1,0.5346352148262529,0,0.5498366997927007,10
output,g162_Phi,1,0.45004885548219037,0,0.4556517453313514,10
output,g162_phi_2,1,0.778975626989249,0,0.7890022077575664,10
output,g163_phi_1,1,0.18520206518789392,0,0.21858801648941728,10
output,g163_Phi,1,0.1974184075100184,0,0.20881743877459735,10
output,g163_phi_2,1,0.5138166729404819,0,0.5170110524558439,10
output,g164_phi_1,1,-0.5907941258104265,0,-0.47252477158779127,10
output,g164_Phi,1,0.36114208775333284,0,0.3736842129970154,10
output,g164_phi_2,1,0.5308525706072698,0,0.5350534821002711,10
output,g165_phi_1,1,0.6851503374378631,0,0.7154517736065418,10
output,g165_Phi,1,0.4699397747863419,0,0.4760341590784482,10
output,g165_phi_2,1,-0.1485276152028555,0,0.03290067873267614,10
output,g166_phi_1,1,-0.3409208843492713,0,-0.236676848793488,10
output,g166_Phi,1,0.44454441573953246,0,0.44838163685466037,10
output,g166_phi_2,1,0.507950273279053,0,0.5190006033396409,10
output,g167_phi_1,1,0.07605759576282589,0,0.11829780133277645,10
output,g167_Phi,1,0.3989637361255204,0,0.40346370134531745,10
output,g167_phi_2,1,0.47299034967665815,0,0.48217300471365826,10
output,g168_phi_1,1,0.33055580906299553,0,0.34331010316234134,10
output,g168_Phi,1,0.32362330968544323,0,0.33322553626171525,10
output,g168_phi_2,1,0.6922739422554932,0,0.69742987422858,10
output,g169_phi_1,1,0.16829118885126632,0,0.19705990806020826,10
output,g169_Phi,1,0.31818859415179596,0,0.3259054503543419,10
output,g169_phi_2,1,0.6383594484014793,0,0.6429588794097906,10
output,g171_phi_1,1,0.18338374205269517,0,0.20016624636310748,10
output,g171_Phi,1,0.20908586976274826,0,0.21375675240648367,10
output,g171_phi_2,1,0.5167072068158731,0,0.5261712142724194,10
output,g172_phi_1,1,0.1389970140326359,0,0.1994260415939901,10
output,g172_Phi,1,0.45909078960058636,0,0.4671491534899571,10
output,g172_phi_2,1,0.5171958979499742,0,0.5271786188039641,10
output,g173_phi_1,1,-0.3494982051216331,0,-0.1922756013003503,10
output,g173_Phi,1,0.3762848961968813,0,0.3893078716599163,10
output,g173_phi_2,1,0.43367384663706127,0,0.45650267772585024,10
output,g175_phi_1,1,-0.05988213325228147,0,-0.03295306171483705,10
output,g175_Phi,1,0.3822152230475337,0,0.3901576247082597,10
output,g175_phi_2,1,0.4758164130313181,0,0.48029446000300646,10
output,g176_phi_1,1,-0.6736026866528874,0,-0.622274958756852,10
output,g176_Phi,1,0.41785350516847647,0,0.4222121710342237,10
output,g176_phi_2,1,0.522744093118784,0,0.5271012090571184,10
output,g177_phi_1,1,0.20723030984835328,0,0.24526583945746122,10
output,g177_Phi,1,0.3530502396425894,0,0.3769052909238141,10
output,g177_phi_2,1,0.6153291873878256,0,0.6270584640009896,10
output,g178_phi_1,1,-0.3550299466903082,0,-0.23799703062488464,10
output,g178_Phi,1,0.3790152866934832,0,0.38891784515691447,10
output,g178_phi_2,1,0.43277694076486,0,0.4429185453698417,10
output,g179_phi_1,1,0.009875633712160117,0,0.024608796126557867,10
output,g179_Phi,1,0.3359791423403533,0,0.35682865519646184,10
output,g179_phi_2,1,0.5560008026086427,0,0.5676379492384902,10
output,g180_phi_1,1,0.12142851836796285,0,0.14472984082464985,10
output,g180_Phi,1,0.24897809589265343,0,0.2596177668143341,10
output,g180_phi_2,1,0.632619236619118,0,0.6346586081826721,10
output,g181_phi_1,1,-0.611845492231118,0,-0.4862099349802408,10
output,g181_Phi,1,0.36142561298389103,0,0.37023543728317715,10
output,g181_phi_2,1,0.5323976270656924,0,0.5363942886374449,10
output,g183_phi_1,1,0.18437908065859643,0,0.20862943831568784,10
output,g183_Phi,1,0.2007684447831714,0,0.20964903536822876,10
output,g183_phi_2,1,0.5150919398239239,0,0.5168129163686884,10
output,g185_phi_1,1,-0.35321410597523606,0,-0.17188169824492472,10
output,g185_Phi,1,0.37221215165406185,0,0.3893964652184747,10
output,g185_phi_2,1,0.4332576563973488,0,0.44995639994354203,10
output,g186_phi_1,1,0.471365065418019,0,0.4803806780124688,10
output,g186_Phi,1,0.45399066996822984,0,0.4583356259919475,10
output,g186_phi_2,1,0.7702627381705932,0,0.7785853278629622,10
output,g187_phi_1,1,0.2743887955503789,0,0.3034984457923137,10
output,g187_Phi,1,0.4066423553507664,0,0.4153072922255674,10
output,g187_phi_2,1,0.6024615280416099,0,0.6061232917256294,10
output,g188_phi_1,1,0.29428982710071805,0,0.3147517737150442,10
output,g188_Phi,1,0.33781852877170127,0,0.3483438114793695,10
output,g188_phi_2,1,0.66138669778177,0,0.6655434693554905,10
output,g189_phi_1,1,0.37195402714013137,0,0.4219985606833577,10
output,g189_Phi,1,0.43181391025293736,0,0.4434038168871257,10
output,g189_phi_2,1,0.7110560514503469,0,0.722707943693876,10
output,g190_phi_1,1,0.23766938387842554,0,0.27666856184527744,10
output,g190_Phi,1,0.2919235758838846,0,0.2990494465975396,10
output,g190_phi_2,1,0.5833008155134832,0,0.5917655936219417,10
output,g191_phi_1,1,0.11186714680446952,0,0.13379430060451258,10
output,g191_Phi,1,0.24873322980480475,0,0.26531320255429713,10
output,g191_phi_2,1,0.5666849165210194,0,0.5719649085388393,10
output,g192_phi_1,1,0.3309005596679337,0,0.3530502396425894,10
output,g192_Phi,1,0.32754283193252204,0,0.33360846758829316,10
output,g192_phi_2,1,0.6971246808765977,0,0.6985528813823234,10
output,g193_phi_1,1,0.14435622736818346,0,0.16187687682828636,10
output,g193_Phi,1,0.4153740502737971,0,0.42499590961736056,10
output,g193_phi_2,1,0.5942267574809134,0,0.6055636060704989,10
output,g194_phi_1,1,-0.3041944746112059,0,0.050998079173384094,10
output,g194_Phi,1,0.4807828025614793,0,0.4895366294820953,10
output,g194_phi_2,1,0.3571150095103835,0,0.47234682032055364,10
output,g195_phi_1,1,0.6577440562473756,0,0.6717650793798131,10
output,g195_Phi,1,0.4653382298600882,0,0.47532245076668905,10
output,g195_phi_2,1,-0.5423451457815401,0,-0.37795184908075236,10
output,g196_phi_1,1,0.08289303328817936,0,0.11630881465541631,10
output,g196_Phi,1,0.4285882976686139,0,0.4453862230321647,10
output,g196_phi_2,1,0.6268021372026005,0,0.6367987118700661,10
output,g197_phi_1,1,0.2721898314504406,0,0.28221413306233545,10
output,g197_Phi,1,0.28938825677577745,0,0.2926768671851159,10
output,g197_phi_2,1,0.5893127648284227,0,0.5912204796342854,10
output,g198_phi_1,1,0.06892761168207182,0,0.10009471501498937,10
output,g198_Phi,1,0.4174716932032931,0,0.42334419363278747,10
output,g198_phi_2,1,0.44994098877333755,0,0.4568516853819478,10
output,g199_phi_1,1,-0.7318902701915216,0,-0.37196887157921565,10
output,g199_Phi,1,0.4429342077562655,0,0.4470028984661623,10
output,g199_phi_2,1,0.45704882658563134,0,0.4789991316733571,10
output,g200_phi_1,1,-0.02834384616272076,0,0.017033339298780367,10
output,g200_Phi,1,0.459754249114512,0,0.46235306855961533,10
output,g200_phi_2,1,0.6158974704490114,0,0.6247666672214047,10
output,g201_phi_1,1,-0.29737131882049445,0,-0.24474273856485979,10
output,g201_Phi,1,0.39199307225971286,0,0.4022613824546801,10
output,g201_phi_2,1,0.41045666479731374,0,0.4167236975467344,10
output,g202_phi_1,1,-0.1567983775734343,0,-0.1203021479194744,10
output,g202_Phi,1,0.2855573090077737,0,0.30194105779520447,10
output,g202_phi_2,1,0.4578516312556078,0,0.4763678244560013,10
output,g203_phi_1,1,-0.28392984696857604,0,-0.19138396457300808,10
output,g203_Phi,1,0.379178565528129,0,0.39483677127915584,10
output,g203_phi_2,1,0.5257960697118919,0,0.5423522985527542,10
output,g204_phi_1,1,0.19517984243190323,0,0.22778390085371822,10
output,g204_Phi,1,0.33745926129065607,0,0.3430539229128484,10
output,g204_phi_2,1,0.6260116987513503,0,0.6357651427958145,10
output,g205_phi_1,1,0.07939833901985499,0,0.10424804699044428,10
output,g205_Phi,1,0.4286368592686089,0,0.44446638802019306,10
output,g205_phi_2,1,0.6348700735547614,0,0.6418011954739224,10
output,g206_phi_1,1,-0.22039629460804172,0,-0.1816091322218942,10
output,g206_Phi,1,0.28929902887841635,0,0.30198439407043903,10
output,g206_phi_2,1,0.4778733801677199,0,0.4942937686653326,10
output,g207_phi_1,1,0.2963141033532408,0,0.3094385246419241,10
output,g207_Phi,1,0.2626646246762555,0,0.28080592839366675,10
output,g207_phi_2,1,0.5745058369773249,0,0.5820861002474853,10
output,g208_phi_1,1,0.07656763044493815,0,0.12557884900218494,10
output,g208_Phi,1,0.2665374302343065,0,0.27105126149234704,10
output,g208_phi_2,1,0.5615426126181953,0,0.5663078326980918,10
output,g209_phi_1,1,0.36543182249042006,0,0.39532639306935086,10
output,g209_Phi,1,0.4202693840782253,0,0.43536650661266124,10
output,g209_phi_2,1,0.6844234245002409,0,0.6986745836338983,10
output,g210_phi_1,1,0.1388393124143218,0,0.15938670096175456,10
output,g210_Phi,1,0.18207210385738667,0,0.20098721916316623,10
output,g210_phi_2,1,0.6202922479198407,0,0.6232492903979004,10
output,g211_phi_1,1,0.11471104055836234,0,0.15106325335375018,10
output,g211_Phi,1,0.32754283193252204,0,0.33589899202511175,10
output,g211_phi_2,1,0.5017847633884995,0,0.5064373800202966,10
output,g212_phi_1,1,-0.19507042095682697,0,-0.16055337883384768,10
output,g212_Phi,1,0.28927671903935953,0,0.310820715018279,10
output,g212_phi_2,1,0.47853763785889775,0,0.49515565742419065,10
output,g213_phi_1,1,-0.33923884105898555,0,-0.17740045677872884,10
output,g213_Phi,1,0.3658248068593644,0,0.3893964652184747,10
output,g213_phi_2,1,0.4064720504656762,0,0.42056630374469284,10
output,g215_phi_1,1,0.20758051476543124,0,0.2438810022183186,10
output,g215_Phi,1,0.35258767058604795,0,0.3726358805817206,10
output,g215_phi_2,1,0.61559237384182,0,0.6209476455592238,10
output,g216_phi_1,1,0.3602903997857119,0,0.3953438693568285,10
output,g216_Phi,1,0.4204673530762531,0,0.4353505689080446,10
output,g216_phi_2,1,0.6893177403105594,0,0.7012743269021317,10
output,g217_phi_1,1,-0.23929863225347844,0,-0.1956560815201341,10
output,g217_Phi,1,0.2894551656702844,0,0.30717501204034503,10
output,g217_phi_2,1,0.47337016928879455,0,0.49418243251605837,10
output,g218_phi_1,1,0.19318027356534526,0,0.21829912588517275,10
output,g218_Phi,1,0.2312401489450753,0,0.2452411489044597,10
output,g218_phi_2,1,0.5196311389796142,0,0.5222877027848908,10
output,g219_phi_1,1,-0.29756946355447467,0,-0.06274296359447583,10
output,g219_Phi,1,0.4759761041397657,0,0.48293072386038577,10
output,g219_phi_2,1,0.3837615244841659,0,0.4271776440015608,10
output,g220_phi_1,1,-0.2659846881306431,0,-0.22693798301313867,10
output,g220_Phi,1,0.3990503818736487,0,0.4022613824546801,10
output,g220_phi_2,1,0.40956119452184986,0,0.41703967508871914,10
output,g221_phi_1,1,0.4630564280851582,0,0.4952806282605726,10
output,g221_Phi,1,0.4372113226245819,0,0.4393326938302626,10
output,g221_phi_2,1,0.769628376160228,0,0.7830384149284616,10
output,g222_phi_1,1,0.7858350313586662,0,0.7925807765711754,10
output,g222_Phi,1,0.45639640231068557,0,0.4579121601033578,10
output,g222_phi_2,1,0.392802437083664,0,0.41121552307514275,10
output,g223_phi_1,1,0.6341748717626001,0,0.6704221334289548,10
output,g223_Phi,1,0.4620384329699832,0,0.4756711883244296,10
output,g223_phi_2,1,-2.429900921008042,0,-0.39356488889812496,10
output,g224_phi_1,1,0.3708830167776058,0,0.38722960620052926,10
output,g224_Phi,1,0.36821248118738614,0,0.3822512461465842,10
output,g224_phi_2,1,0.5737184630775564,0,0.5804459617811073,10
output,g225_phi_1,1,-0.09321257928840421,0,0.16622283457208423,10
output,g225_Phi,1,0.48412893576411076,0,0.4896210322579714,10
output,g225_phi_2,1,0.556278372625838,0,0.6392772603419783,10
output,g226_phi_1,1,0.1197176591054949,0,0.1586639808139893,10
output,g226_Phi,1,0.35266479965110054,0,0.3837076763120934,10
output,g226_phi_2,1,0.5435093064650267,0,0.5522178735741752,10
output,g227_phi_1,1,-1.2886990400838343,0,0.007449044497748779,10
output,g227_Phi,1,0.48857891652525226,0,0.49185174972141577,10
output,g227_phi_2,1,0.46703063546584694,0,0.5823929378264562,10
output,g228_phi_1,1,0.37401474029191156,0,0.3793236507533153,10
output,g228_Phi,1,0.3424818987595163,0,0.3501898499993342,10
output,g228_phi_2,1,0.57486431366454,0,0.5814831582758551,10
output,g229_phi_1,1,0.07532793416325864,0,0.11504439525841312,10
output,g229_Phi,1,0.26625522229765086,0,0.27021285489624264,10
output,g229_phi_2,1,0.5613757138308916,0,0.567285217961632,10
output,g230_phi_1,1,0.38192693063722727,0,0.38628488676785794,10
output,g230_Phi,1,0.36475730657121086,0,0.36906735527776635,10
output,g230_phi_2,1,0.6587362064486235,0,0.6655528500750247,10
output,g231_phi_1,1,0.4030861882391698,0,0.41477285809333103,10
output,g231_Phi,1,0.4151069564880702,0,0.43285709699732816,10
output,g231_phi_2,1,0.6030360562505217,0,0.6201672980572502,10
output,g232_phi_1,1,0.08873836527399838,0,0.10287943486937795,10
output,g232_Phi,1,0.42590901267520304,0,0.43226359025366645,10
output,g232_phi_2,1,0.6366583711166833,0,0.6400936784530191,10
output,g233_phi_1,1,0.24907600368361157,0,0.27724237278135827,10
output,g233_Phi,1,0.2906132849749863,0,0.2943339335834557,10
output,g233_phi_2,1,0.5853930419770905,0,0.5919434419444202,10
output,g234_phi_1,1,0.049334335972283816,0,0.08350261983026738,10
output,g234_Phi,1,0.43779811070816826,0,0.4490307604004151,10
output,g234_phi_2,1,0.5616975326539934,0,0.5733010394344609,10
output,g235_phi_1,1,0.37401474029191156,0,0.39038748031727893,10
output,g235_Phi,1,0.3773791131574399,0,0.39585037601878104,10
output,g235_phi_2,1,0.6947016980967039,0,0.7076468095390498,10
output,g236_phi_1,1,0.1720772569694806,0,0.20590776262738583,10
output,g236_Phi,1,0.4158243988887613,0,0.4211595347740807,10
output,g236_phi_2,1,0.5166543423890522,0,0.5282094324774077,10
output,g237_phi_1,1,0.3305963821648471,0,0.3371596445268558,10
output,g237_Phi,1,0.33941168713167685,0,0.3513904151422525,10
output,g237_phi_2,1,0.6085153365370353,0,0.6132390976161385,10
output,g238_phi_1,1,-0.10847926772581765,0,-0.08137737070865896,10
output,g238_Phi,1,0.27909632974760124,0,0.29554510981174126,10
output,g238_phi_2,1,0.5264685124694775,0,0.5320023095824342,10
output,g239_phi_1,1,0.3709199921709195,0,0.3900868754237662,10
output,g239_Phi,1,0.3729672063871548,0,0.38252132418967993,10
output,g239_phi_2,1,0.5746330722545173,0,0.580765363074483,10
output,g240_phi_1,1,0.3705871002466761,0,0.3808983308391545,10
output,g240_Phi,1,0.37617532271783327,0,0.38275525604661714,10
output,g240_phi_2,1,0.572604440549203,0,0.5753957021114063,10
output,g241_phi_1,1,0.33913330596987895,0,0.353820094897413,10
output,g241_Phi,1,0.27517309556619607,0,0.298001111407518,10
output,g241_phi_2,1,0.6901783533613586,0,0.7014039064475558,10
output,g242_phi_1,1,0.413064946837411,0,0.4276645940621853,10
output,g242_Phi,1,0.35900022737468656,0,0.36051767993842804,10
output,g242_phi_2,1,0.6806527317073041,0,0.6823978145755294,10
output,g243_phi_1,1,0.3741432107800257,0,0.38107896324283286,10
output,g243_Phi,1,0.34654855854847394,0,0.3509841436860275,10
output,g243_phi_2,1,0.5764565324056201,0,0.5814717739623977,10
output,g244_phi_1,1,0.1402565696774166,0,0.1569729418962972,10
output,g244_Phi,1,0.20013885385738056,0,0.20363112633051247,10
output,g244_phi_2,1,0.5836634358455981,0,0.591621038213319,10
output,g245_phi_1,1,0.38154825619109883,0,0.39555352997090315,10
output,g245_Phi,1,0.4195592531957206,0,0.43504764133996454,10
output,g245_phi_2,1,0.694596425219048,0,0.6992131411739221,10
output,g246_phi_1,1,0.2566215460697056,0,0.2783419690609072,10
output,g246_Phi,1,0.28742099575983127,0,0.29567703401746503,10
output,g246_phi_2,1,0.5874303223714051,0,0.5920434496293614,10
output,g247_phi_1,1,-0.12365512375306799,0,-0.09054560327979473,10
output,g247_Phi,1,0.3284407673684076,0,0.334835601526356,10
output,g247_phi_2,1,0.5973221466588428,0,0.6126673230547415,10
output,g248_phi_1,1,0.20458117557757124,0,0.2185617616466258,10
output,g248_Phi,1,0.26318615741370516,0,0.2667489659082021,10
output,g248_phi_2,1,0.6292974428542011,0,0.6348197339951785,10
output,g249_phi_1,1,0.36744910726860436,0,0.39866901121082,10
output,g249_Phi,1,0.41542411207653496,0,0.43536650661266124,10
output,g249_phi_2,1,0.691885651387701,0,0.7023529769343086,10
output,g250_phi_1,1,0.1537843864693698,0,0.17894818511680188,10
output,g250_Phi,1,0.3769417571467587,0,0.37928738399071366,10
output,g250_phi_2,1,0.5124842758779019,0,0.5143617763705739,10
output,g251_phi_1,1,0.7640041745464498,0,0.7752754060428481,10
output,g251_Phi,1,0.4519552097682025,0,0.4593774078279145,10
output,g251_phi_2,1,0.319855273667932,0,0.34828538752261184,10
output,g252_phi_1,1,0.25913975842101866,0,0.2752652731070076,10
output,g252_Phi,1,0.2450682757183994,0,0.25787048582321465,10
output,g252_phi_2,1,0.5408923160154696,0,0.5482050956507413,10
output,g253_phi_1,1,0.2816922671609375,0,0.32399420218197394,10
output,g253_Phi,1,0.4659179532119353,0,0.48145696141700745,10
output,g253_phi_2,1,0.6227009060458885,0,0.6406801532776651,10
output,g254_phi_1,1,0.30375746835381096,0,0.32549513856426415,10
output,g254_Phi,1,0.28941056088598976,0,0.2971912890319882,10
output,g254_phi_2,1,0.6763551852565641,0,0.6833172619218826,10
output,g255_phi_1,1,0.040562785081311774,0,0.07140328353146858,10
output,g255_Phi,1,0.41067602675495424,0,0.4173886461656744,10
output,g255_phi_2,1,0.629929218138726,0,0.6380997148396712,10
output,g256_phi_1,1,0.2742733377584179,0,0.29883125201803873,10
output,g256_Phi,1,0.3317713562909274,0,0.3333464984243865,10
output,g256_phi_2,1,0.686520084416616,0,0.6928821547226188,10
output,g257_phi_1,1,0.20136980934312224,0,0.21774707326279363,10
output,g257_Phi,1,0.2474576958148116,0,0.25980882295462887,10
output,g257_phi_2,1,0.5956725492668526,0,0.5984840952830535,10
output,g258_phi_1,1,0.20509604757848396,0,0.21895541772872232,10
output,g258_Phi,1,0.29946371452845005,0,0.3045766887661129,10
output,g258_phi_2,1,0.5239804546849925,0,0.5315683214089838,10
output,g259_phi_1,1,0.0019499410842679383,0,0.0671080690595657,10
output,g259_Phi,1,0.43519115968517735,0,0.44454441573953246,10
output,g259_phi_2,1,0.5506318758947283,0,0.5703210661416779,10
output,g261_phi_1,1,-0.048779085979088956,0,0.018450832386356135,10
output,g261_Phi,1,0.45236919596034353,0,0.45540831524228564,10
output,g261_phi_2,1,0.579223223940592,0,0.587407863123228,10
output,g262_phi_1,1,0.13754399455465258,0,0.18554215485437514,10
output,g262_Phi,1,0.3781070625097422,0,0.3958678312339883,10
output,g262_phi_2,1,0.5844895320409749,0,0.5929313961294482,10
output,g264_phi_1,1,0.04875245769948963,0,0.07656763044493815,10
output,g264_Phi,1,0.4302363534115104,0,0.4482733552073497,10
output,g264_phi_2,1,0.5615426126181953,0,0.568366020627623,10
output,g265_phi_1,1,0.25102953852390314,0,0.2646053443916627,10
output,g265_Phi,1,0.24291394681892522,0,0.2584936113939124,10
output,g265_phi_2,1,0.6107772365071855,0,0.612306930268642,10
output,g268_phi_1,1,-0.11270910571234019,0,-0.03191884289918494,10
output,g268_Phi,1,0.3874076249281831,0,0.39211633381600974,10
output,g268_phi_2,1,0.4401058390366595,0,0.44681666583813573,10
output,g269_phi_1,1,0.26738295542423457,0,0.2874882084012877,10
output,g269_Phi,1,0.3139304625334623,0,0.3267863101983951,10
output,g269_phi_2,1,0.6414245306784958,0,0.6437486854595257,10
output,g270_phi_1,1,-1.4211202185714304,0,-0.8604042415300278,10
output,g270_Phi,1,0.4451681333275691,0,0.44794834818542983,10
output,g270_phi_2,1,0.446381812222442,0,0.47364751985722314,10
output,g271_phi_1,1,0.023046584075505194,0,0.042654253167793324,10
output,g271_Phi,1,0.288740938794287,0,0.29848191251348277,10
output,g271_phi_2,1,0.6293892092117832,0,0.6352524636418486,10
output,g272_phi_1,1,-0.025543576248926003,0,-0.003295739936719659,10
output,g272_Phi,1,0.35560475095880406,0,0.3692900894386806,10
output,g272_phi_2,1,0.4777577533081702,0,0.4922713579491338,10
output,g273_phi_1,1,0.20433707562815495,0,0.21637705798817303,10
output,g273_Phi,1,0.37834338357477026,0,0.3812595205488483,10
output,g273_phi_2,1,0.6586980887076148,0,0.6618978329705119,10
output,g274_phi_1,1,-0.01667597515218773,0,0.0030725959676749627,10
output,g274_Phi,1,0.3152774394718102,0,0.3205616801952366,10
output,g274_phi_2,1,0.45092620282274165,0,0.4556821645007904,10
output,g275_phi_1,1,-0.15305085275500957,0,-0.10832318905112254,10
output,g275_Phi,1,0.2995290891463868,0,0.30204939037625045,10
output,g275_phi_2,1,0.4305748840468648,0,0.43839993380470554,10
output,g276_phi_1,1,0.19689434691128033,0,0.2197154758555011,10
output,g276_Phi,1,0.2446728784161102,0,0.25894840765209026,10
output,g276_phi_2,1,0.5960800324860962,0,0.5986373280462209,10
output,g277_phi_1,1,-0.044716432574581556,0,-0.027639769969674877,10
output,g277_Phi,1,0.3874076249281831,0,0.39176406508444106,10
output,g277_phi_2,1,0.4424327310137604,0,0.46052199290020074,10
output,g278_phi_1,1,0.12603394805181287,0,0.14550717140966257,10
output,g278_Phi,1,0.1960932437375148,0,0.20257004609748366,10
output,g278_phi_2,1,0.583855954817508,0,0.585009279902461,10
output,g279_phi_1,1,0.43907993986887084,0,0.45006426282523065,10
output,g279_Phi,1,0.413064946837411,0,0.4178037226398809,10
output,g279_phi_2,1,0.6627483903945617,0,0.6674996487108583,10
output,g280_phi_1,1,0.027308827035545997,0,0.05468964294997992,10
output,g280_Phi,1,0.32970289715321527,0,0.3439597290071409,10
output,g280_phi_2,1,0.5587205674525986,0,0.5645950566248384,10
output,g281_phi_1,1,0.04758635707435033,0,0.07682242334277335,10
output,g281_Phi,1,0.43717958175251204,0,0.4487372294443907,10
output,g281_phi_2,1,0.5603849229720154,0,0.5699003626847146,10
output,g282_phi_1,1,0.2936939507457655,0,0.3053513694466237,10
output,g282_Phi,1,0.2965335659289875,0,0.3101620652044531,10
output,g282_phi_2,1,0.6492666905514215,0,0.6529325448873383,10
output,g283_phi_1,1,0.00749173329533593,0,0.03578983312775703,10
output,g283_Phi,1,0.2913244417924199,0,0.29861294775994696,10
output,g283_phi_2,1,0.6264840817202364,0,0.6297560808627656,10
output,g284_phi_1,1,0.2613580461941243,0,0.279758172802473,10
output,g284_Phi,1,0.21518796949713168,0,0.21869301999135615,10
output,g284_phi_2,1,0.5352181435171832,0,0.5378442708352534,10
output,g285_phi_1,1,0.19664588678708758,0,0.23113813602971914,10
output,g285_Phi,1,0.3933645851850021,0,0.400140639757697,10
output,g285_phi_2,1,0.5972562829251417,0,0.6019622640748058,10
output,g286_phi_1,1,0.3196888932494989,0,0.3450206615421148,10
output,g286_Phi,1,0.4047311152534956,0,0.40901963793149326,10
output,g286_phi_2,1,0.6884821138747799,0,0.6929438098740346,10
output,g287_phi_1,1,0.3209766773428235,0,0.35279974256331315,10
output,g287_Phi,1,0.373298279614871,0,0.38073569741569113,10
output,g287_phi_2,1,0.5583244940262377,0,0.5701575076648255,10
output,g288_phi_1,1,0.0661021967667732,0,0.1027080546998743,10
output,g288_Phi,1,0.48350171326935554,0,0.48850841302960174,10
output,g288_phi_2,1,0.5322063893450797,0,0.5459623941595211,10
output,g289_phi_1,1,0.1533269614909066,0,0.17187265613968286,10
output,g289_Phi,1,0.15947695647423413,0,0.16737641841358292,10
output,g289_phi_2,1,0.6266790465812413,0,0.6300717499686574,10
output,g291_phi_1,1,-0.4565031181006781,0,-0.1433556814497834,10
output,g291_Phi,1,0.47402676541532857,0,0.47827783191960455,10
output,g291_phi_2,1,0.5376931943673907,0,0.5670145965014246,10
output,g292_phi_1,1,0.2034680518626461,0,0.21887671505275655,10
output,g292_Phi,1,0.23116364150509883,0,0.2452164569476686,10
output,g292_phi_2,1,0.6264532897924077,0,0.628756647306122,10
output,g293_phi_1,1,-0.14232382312612396,0,-0.10674326707529203,10
output,g293_Phi,1,0.2995726667584947,0,0.30224432095016,10
output,g293_phi_2,1,0.4349040755515411,0,0.43839993380470554,10
output,g294_phi_1,1,-0.2302018780952216,0,-0.12746497780531957,10
output,g294_Phi,1,0.34064237756070526,0,0.34531490565231354,10
output,g294_phi_2,1,0.5957386536047722,0,0.6040747799073467,10
output,g295_phi_1,1,0.4176211378638943,0,0.4480412321556783,10
output,g295_Phi,1,0.41445522637772075,0,0.419724503561819,10
output,g295_phi_2,1,0.654551933578861,0,0.6599637132783548,10
output,g299_phi_1,1,0.29607256635983514,0,0.3135297732022901,10
output,g299_Phi,1,0.32215724823307745,0,0.32862420749020704,10
output,g299_phi_2,1,0.5346605758284443,0,0.5383097593817335,10
output,g300_phi_1,1,0.117337595095921,0,0.14144977340046735,10
output,g300_Phi,1,0.4542348957482655,0,0.4665117384861453,10
output,g300_phi_2,1,0.5366089389941093,0,0.5491749829517589,10
output,g302_phi_1,1,0.03269932749261746,0,0.050843580956918995,10
output,g302_Phi,1,0.3407018387316769,0,0.3547037446258129,10
output,g302_phi_2,1,0.5575312618752994,0,0.5628754989293618,10
output,g303_phi_1,1,0.4032578257871112,0,0.4102540784463966,10
output,g303_Phi,1,0.3007693407705492,0,0.31160554005446767,10
output,g303_phi_2,1,0.6463841188061086,0,0.6526523954003471,10
output,g304_phi_1,1,0.17131682465657253,0,0.17788264326532466,10
output,g304_Phi,1,0.23489674573158803,0,0.24144686034564633,10
output,g304_phi_2,1,0.6454222693490919,0,0.6471775119704626,10
output,g306_phi_1,1,0.19220492541458967,0,0.20701465868290023,10
output,g306_Phi,1,0.4110638574609235,0,0.416607226792504,10
output,g306_phi_2,1,0.5511693237822956,0,0.5549855588746625,10
output,g309_phi_1,1,0.29913669374401425,0,0.31991764989524263,10
output,g309_Phi,1,0.3567140605833945,0,0.3675981636798332,10
output,g309_phi_2,1,0.607154666400511,0,0.6098930840292818,10
output,g312_phi_1,1,0.4185829940669922,0,0.4443102905122573,10
output,g312_Phi,1,0.3636495795183227,0,0.37604745204146633,10
output,g312_phi_2,1,0.6939730380040423,0,0.7008421156426543,10
output,g313_phi_1,1,-0.4741651071993679,0,-0.3267117751584499,10
output,g313_Phi,1,0.3982005072194279,0,0.4035323048494334,10
output,g313_phi_2,1,0.46505551995182104,0,0.4767157239260634,10
